{"arc_challenge": {"acc,none": 0.38822525597269625, "acc_stderr,none": 0.014241614207414037, "acc_norm,none": 0.42235494880546076, "acc_norm_stderr,none": 0.014434138713379986, "alias": "arc_challenge"}, "arc_easy": {"acc,none": 0.7121212121212122, "acc_stderr,none": 0.009290733161670159, "acc_norm,none": 0.6750841750841751, "acc_norm_stderr,none": 0.009610203604504817, "alias": "arc_easy"}, "boolq": {"acc,none": 0.44678899082568807, "acc_stderr,none": 0.0086953922619962, "alias": "boolq"}, "hellaswag": {"acc,none": 0.46046604262099183, "acc_stderr,none": 0.004974159561342689, "acc_norm,none": 0.6279625572595101, "acc_norm_stderr,none": 0.004823604775015901, "alias": "hellaswag"}, "mathqa": {"acc,none": 0.2613065326633166, "acc_stderr,none": 0.008042810817625751, "acc_norm,none": 0.25963149078726966, "acc_norm_stderr,none": 0.008026075545734306, "alias": "mathqa"}, "openbookqa": {"acc,none": 0.302, "acc_stderr,none": 0.020553269174209188, "acc_norm,none": 0.41, "acc_norm_stderr,none": 0.022017482578127672, "alias": "openbookqa"}, "piqa": {"acc,none": 0.7094668117519043, "acc_stderr,none": 0.010592765034696536, "acc_norm,none": 0.7154515778019587, "acc_norm_stderr,none": 0.010527218464130616, "alias": "piqa"}, "winogrande": {"acc,none": 0.6795580110497238, "acc_stderr,none": 0.013115085457681712, "alias": "winogrande"}}