{"arc_challenge": {"acc,none": 0.36006825938566556, "acc_stderr,none": 0.014027516814585186, "acc_norm,none": 0.37372013651877134, "acc_norm_stderr,none": 0.014137708601759095, "alias": "arc_challenge"}, "arc_easy": {"acc,none": 0.67003367003367, "acc_stderr,none": 0.00964831157424104, "acc_norm,none": 0.6401515151515151, "acc_norm_stderr,none": 0.009848484848484844, "alias": "arc_easy"}, "hellaswag": {"acc,none": 0.42800238996215895, "acc_stderr,none": 0.004937779821908573, "acc_norm,none": 0.5925114519020116, "acc_norm_stderr,none": 0.004903628887264528, "alias": "hellaswag"}, "piqa": {"acc,none": 0.691512513601741, "acc_stderr,none": 0.010776164678037155, "acc_norm,none": 0.6898803046789989, "acc_norm_stderr,none": 0.010791876566843049, "alias": "piqa"}, "winogrande": {"acc,none": 0.6629834254143646, "acc_stderr,none": 0.01328495576939525, "alias": "winogrande"}}