{"arc_challenge": {"acc,none": 0.25597269624573377, "acc_stderr,none": 0.012753013241244523, "acc_norm,none": 0.30631399317406144, "acc_norm_stderr,none": 0.013470584417276514, "alias": "arc_challenge"}, "arc_easy": {"acc,none": 0.5441919191919192, "acc_stderr,none": 0.010219631763437851, "acc_norm,none": 0.48947811447811446, "acc_norm_stderr,none": 0.010257511546488227, "alias": "arc_easy"}, "boolq": {"acc,none": 0.3874617737003058, "acc_stderr,none": 0.008520666536136942, "alias": "boolq"}, "hellaswag": {"acc,none": 0.38388767177853017, "acc_stderr,none": 0.004853371646239242, "acc_norm,none": 0.5137422824138618, "acc_norm_stderr,none": 0.004987896411703676, "alias": "hellaswag"}, "mathqa": {"acc,none": 0.23685092127303184, "acc_stderr,none": 0.007782924578956572, "acc_norm,none": 0.2324958123953099, "acc_norm_stderr,none": 0.007733009344152021, "alias": "mathqa"}, "openbookqa": {"acc,none": 0.228, "acc_stderr,none": 0.018781306529363197, "acc_norm,none": 0.338, "acc_norm_stderr,none": 0.02117566569520941, "alias": "openbookqa"}, "piqa": {"acc,none": 0.6409140369967355, "acc_stderr,none": 0.01119294907384411, "acc_norm,none": 0.6213275299238302, "acc_norm_stderr,none": 0.011317163404516852, "alias": "piqa"}, "winogrande": {"acc,none": 0.6148382004735596, "acc_stderr,none": 0.013676821287521422, "alias": "winogrande"}}